-- phpMyAdmin SQL Dump
-- version 5.2.2
-- https://www.phpmyadmin.net/
--
-- Host: mysql:3306
-- Generation Time: May 23, 2025 at 06:57 PM
-- Server version: 8.0.41
-- PHP Version: 8.2.27

SET SQL_MODE = "NO_AUTO_VALUE_ON_ZERO";
START TRANSACTION;
SET time_zone = "+00:00";


/*!40101 SET @OLD_CHARACTER_SET_CLIENT=@@CHARACTER_SET_CLIENT */;
/*!40101 SET @OLD_CHARACTER_SET_RESULTS=@@CHARACTER_SET_RESULTS */;
/*!40101 SET @OLD_COLLATION_CONNECTION=@@COLLATION_CONNECTION */;
/*!40101 SET NAMES utf8mb4 */;

--
-- Database: `mini_blog`
--

-- --------------------------------------------------------

--
-- Table structure for table `cache`
--

CREATE TABLE `cache` (
  `key` varchar(255) COLLATE utf8mb4_unicode_ci NOT NULL,
  `value` mediumtext COLLATE utf8mb4_unicode_ci NOT NULL,
  `expiration` int NOT NULL
) ENGINE=InnoDB DEFAULT CHARSET=utf8mb4 COLLATE=utf8mb4_unicode_ci;

-- --------------------------------------------------------

--
-- Table structure for table `cache_locks`
--

CREATE TABLE `cache_locks` (
  `key` varchar(255) COLLATE utf8mb4_unicode_ci NOT NULL,
  `owner` varchar(255) COLLATE utf8mb4_unicode_ci NOT NULL,
  `expiration` int NOT NULL
) ENGINE=InnoDB DEFAULT CHARSET=utf8mb4 COLLATE=utf8mb4_unicode_ci;

-- --------------------------------------------------------

--
-- Table structure for table `categories`
--

CREATE TABLE `categories` (
  `id` bigint UNSIGNED NOT NULL,
  `name` varchar(255) COLLATE utf8mb4_unicode_ci NOT NULL,
  `created_at` timestamp NULL DEFAULT NULL,
  `updated_at` timestamp NULL DEFAULT NULL
) ENGINE=InnoDB DEFAULT CHARSET=utf8mb4 COLLATE=utf8mb4_unicode_ci;

--
-- Dumping data for table `categories`
--

INSERT INTO `categories` (`id`, `name`, `created_at`, `updated_at`) VALUES
(1, 'Prof. Parker Rempel', '2025-05-19 22:30:51', '2025-05-19 22:30:51'),
(2, 'Waylon Bailey', '2025-05-19 22:30:51', '2025-05-19 22:30:51'),
(3, 'Madelyn Rowe', '2025-05-19 22:30:51', '2025-05-19 22:30:51'),
(4, 'Sophie Berge Jr.', '2025-05-19 22:30:51', '2025-05-19 22:30:51'),
(5, 'Bartholome Hahn', '2025-05-19 22:30:51', '2025-05-19 22:30:51'),
(6, 'Aniya Ondricka', '2025-05-19 22:30:51', '2025-05-19 22:30:51'),
(7, 'Ms. Thea Howe I', '2025-05-19 22:30:51', '2025-05-19 22:30:51'),
(8, 'Wilbert McLaughlin', '2025-05-19 22:30:51', '2025-05-19 22:30:51'),
(9, 'Lela Walsh', '2025-05-19 22:30:51', '2025-05-19 22:30:51'),
(10, 'Emilio Kris', '2025-05-19 22:30:51', '2025-05-19 22:30:51'),
(11, 'Frank Ortiz Jr.', '2025-05-19 22:30:51', '2025-05-19 22:30:51'),
(12, 'Dovie Rath', '2025-05-19 22:30:51', '2025-05-19 22:30:51'),
(13, 'Prof. Ressie Kuhlman MD', '2025-05-19 22:30:51', '2025-05-19 22:30:51'),
(14, 'Clemmie Rath', '2025-05-19 22:30:51', '2025-05-19 22:30:51'),
(15, 'Maxine Reynolds', '2025-05-19 22:30:51', '2025-05-19 22:30:51'),
(16, 'Karianne Glover', '2025-05-19 22:30:51', '2025-05-19 22:30:51'),
(17, 'Mose Schaden', '2025-05-19 22:30:51', '2025-05-19 22:30:51'),
(18, 'Nyah Heidenreich', '2025-05-19 22:30:51', '2025-05-19 22:30:51'),
(19, 'Vickie Orn', '2025-05-19 22:30:52', '2025-05-19 22:30:52'),
(20, 'Dorthy Mann', '2025-05-19 22:30:52', '2025-05-19 22:30:52'),
(21, 'Simone Sporer', '2025-05-19 22:30:52', '2025-05-19 22:30:52'),
(22, 'Mr. Theron Durgan DVM', '2025-05-19 22:30:52', '2025-05-19 22:30:52'),
(23, 'Niko Upton', '2025-05-19 22:30:52', '2025-05-19 22:30:52'),
(24, 'Jeromy Towne', '2025-05-19 22:30:52', '2025-05-19 22:30:52'),
(25, 'Lindsay Weber', '2025-05-19 22:30:52', '2025-05-19 22:30:52'),
(26, 'Candelario Connelly', '2025-05-19 22:30:52', '2025-05-19 22:30:52'),
(27, 'Zion Lind', '2025-05-19 22:30:52', '2025-05-19 22:30:52'),
(28, 'Lon Ebert', '2025-05-19 22:30:52', '2025-05-19 22:30:52'),
(29, 'Roxane Medhurst I', '2025-05-19 22:30:52', '2025-05-19 22:30:52'),
(30, 'Barton Herman MD', '2025-05-19 22:30:52', '2025-05-19 22:30:52'),
(31, 'Sonny Eichmann', '2025-05-19 22:30:52', '2025-05-19 22:30:52'),
(32, 'Ayla Jaskolski I', '2025-05-19 22:30:52', '2025-05-19 22:30:52'),
(33, 'Mrs. Brisa Koelpin', '2025-05-19 22:30:52', '2025-05-19 22:30:52'),
(34, 'Florence Wisoky', '2025-05-19 22:30:52', '2025-05-19 22:30:52'),
(35, 'Reuben Wisozk', '2025-05-19 22:30:52', '2025-05-19 22:30:52'),
(36, 'Queen Volkman V', '2025-05-19 22:30:52', '2025-05-19 22:30:52'),
(37, 'Prof. Adolphus Sauer', '2025-05-19 22:30:52', '2025-05-19 22:30:52'),
(38, 'Bret Streich', '2025-05-19 22:30:52', '2025-05-19 22:30:52'),
(39, 'Greg Koch', '2025-05-19 22:30:52', '2025-05-19 22:30:52'),
(40, 'Dee Mills Sr.', '2025-05-19 22:30:52', '2025-05-19 22:30:52'),
(41, 'Erik Schuppe', '2025-05-19 22:30:52', '2025-05-19 22:30:52'),
(42, 'Jalyn Ratke', '2025-05-19 22:30:52', '2025-05-19 22:30:52'),
(43, 'Miss Lilian Johnson', '2025-05-19 22:30:52', '2025-05-19 22:30:52'),
(44, 'Frances Schneider', '2025-05-19 22:30:52', '2025-05-19 22:30:52'),
(45, 'Claudie Marks', '2025-05-19 22:30:52', '2025-05-19 22:30:52'),
(46, 'Stefan Lynch V', '2025-05-19 22:30:52', '2025-05-19 22:30:52'),
(47, 'Carmen Leuschke', '2025-05-19 22:30:52', '2025-05-19 22:30:52'),
(48, 'Ms. Cristal Fisher', '2025-05-19 22:30:52', '2025-05-19 22:30:52'),
(49, 'Dr. Willy O\'Connell', '2025-05-19 22:30:52', '2025-05-19 22:30:52'),
(50, 'Macy Bashirian', '2025-05-19 22:30:52', '2025-05-19 22:30:52'),
(51, 'Gracie Goodwin', '2025-05-19 22:30:52', '2025-05-19 22:30:52'),
(52, 'Michele Oberbrunner', '2025-05-19 22:30:52', '2025-05-19 22:30:52'),
(53, 'Terrance Jerde', '2025-05-19 22:30:52', '2025-05-19 22:30:52'),
(54, 'Dr. Maryam Vandervort II', '2025-05-19 22:30:52', '2025-05-19 22:30:52'),
(55, 'Dr. Elijah Von V', '2025-05-19 22:30:52', '2025-05-19 22:30:52');

-- --------------------------------------------------------

--
-- Table structure for table `customers`
--

CREATE TABLE `customers` (
  `id` bigint UNSIGNED NOT NULL,
  `first_name` varchar(255) COLLATE utf8mb4_unicode_ci NOT NULL,
  `last_name` varchar(255) COLLATE utf8mb4_unicode_ci NOT NULL,
  `email` varchar(255) COLLATE utf8mb4_unicode_ci NOT NULL,
  `address` varchar(255) COLLATE utf8mb4_unicode_ci NOT NULL,
  `phone` varchar(255) COLLATE utf8mb4_unicode_ci NOT NULL,
  `created_at` timestamp NULL DEFAULT NULL,
  `updated_at` timestamp NULL DEFAULT NULL
) ENGINE=InnoDB DEFAULT CHARSET=utf8mb4 COLLATE=utf8mb4_unicode_ci;

--
-- Dumping data for table `customers`
--

INSERT INTO `customers` (`id`, `first_name`, `last_name`, `email`, `address`, `phone`, `created_at`, `updated_at`) VALUES
(1, 'Carlie', 'Collins', 'wcarter@jenkins.org', '2ujrKh6q6l', '+1.272.713.4113', '2025-05-19 22:30:51', '2025-05-19 22:30:51'),
(2, 'Kallie', 'Pfeffer', 'graham.clare@hamill.org', 'OO5usnafRb', '(360) 383-5841', '2025-05-19 22:30:51', '2025-05-19 22:30:51'),
(3, 'Cornelius', 'Shields', 'ggutkowski@gmail.com', 'Jk0SVftOxH', '(862) 339-6624', '2025-05-19 22:30:51', '2025-05-19 22:30:51'),
(4, 'Terrence', 'O\'Hara', 'windler.lisa@gmail.com', 'iiYQlLDI8A', '(541) 776-3548', '2025-05-19 22:30:51', '2025-05-19 22:30:51'),
(5, 'Audrey', 'Dooley', 'merdman@hotmail.com', 'vpfsPW1uWV', '+1.601.720.5819', '2025-05-19 22:30:51', '2025-05-19 22:30:51'),
(6, 'Dorcas', 'Crist', 'liliane.schowalter@yahoo.com', 'CONVcHZWAV', '401.919.7050', '2025-05-19 22:30:51', '2025-05-19 22:30:51'),
(7, 'Briana', 'Reichert', 'kristy.schneider@gmail.com', 'plhPX3qFB4', '+1 (989) 918-1027', '2025-05-19 22:30:51', '2025-05-19 22:30:51'),
(8, 'Antonette', 'Mayert', 'skirlin@waelchi.com', 'iw4SfVcmdg', '240-975-6285', '2025-05-19 22:30:51', '2025-05-19 22:30:51'),
(9, 'Keanu', 'Brown', 'vschaefer@yahoo.com', 'hwaEYpOrg7', '475.815.4147', '2025-05-19 22:30:51', '2025-05-19 22:30:51'),
(10, 'Cynthia', 'Hegmann', 'thaddeus03@rohan.com', 'ImlDdRGDIO', '(480) 923-6131', '2025-05-19 22:30:51', '2025-05-19 22:30:51'),
(11, 'Jana', 'Bartoletti', 'koch.cathryn@schultz.biz', 'xILWbO35IR', '+1-440-810-6662', '2025-05-19 22:30:51', '2025-05-19 22:30:51'),
(12, 'Kristopher', 'Kulas', 'leilani.wisozk@hotmail.com', 'iVs4e2XubV', '1-956-742-7925', '2025-05-19 22:30:51', '2025-05-19 22:30:51'),
(13, 'Mozell', 'Runolfsdottir', 'hcollins@yahoo.com', 'gCZSQQFm8a', '(843) 445-9386', '2025-05-19 22:30:51', '2025-05-19 22:30:51'),
(14, 'Obie', 'Morar', 'demetrius62@tremblay.com', 'cMc0psX9uT', '(706) 300-8806', '2025-05-19 22:30:51', '2025-05-19 22:30:51'),
(15, 'Mariane', 'Zemlak', 'pauline.hamill@walker.com', 'YB4q3iUURe', '808-824-8804', '2025-05-19 22:30:51', '2025-05-19 22:30:51'),
(16, 'Jeramy', 'Schamberger', 'gabe.kris@nitzsche.info', 'xcNwpVit6i', '+1-458-587-3329', '2025-05-19 22:30:51', '2025-05-19 22:30:51'),
(17, 'Glen', 'Weimann', 'walter.arnold@bayer.com', 'dLKFWyXF0s', '463.475.6702', '2025-05-19 22:30:51', '2025-05-19 22:30:51'),
(18, 'Sylvester', 'Grimes', 'karen.johnston@pacocha.org', 'Enz88rCTrQ', '1-931-695-8176', '2025-05-19 22:30:51', '2025-05-19 22:30:51'),
(19, 'Dayana', 'Huels', 'eve30@powlowski.biz', 'p85zgPGpqF', '+1-551-765-9704', '2025-05-19 22:30:51', '2025-05-19 22:30:51'),
(20, 'Zechariah', 'Gibson', 'macejkovic.johathan@gutkowski.com', 'U3fYX9pot8', '1-516-742-3070', '2025-05-19 22:30:51', '2025-05-19 22:30:51'),
(21, 'Tyshawn', 'Lehner', 'santina.homenick@yahoo.com', 'NfbCTRPkqS', '+1.775.393.0454', '2025-05-19 22:30:52', '2025-05-19 22:30:52'),
(22, 'Mathew', 'O\'Reilly', 'lyla.balistreri@hotmail.com', '9IqL6LLZNk', '+1 (678) 423-1287', '2025-05-19 22:30:52', '2025-05-19 22:30:52'),
(23, 'Fae', 'Pacocha', 'harmony56@orn.com', 'Pw8P2j3xnr', '(954) 844-5434', '2025-05-19 22:30:52', '2025-05-19 22:30:52'),
(24, 'Jailyn', 'Johns', 'penelope.okeefe@doyle.com', 'jrHPsvQqxQ', '1-424-588-0880', '2025-05-19 22:30:52', '2025-05-19 22:30:52'),
(25, 'Lance', 'Mosciski', 'javier.west@hotmail.com', 'MD2Dnum6tG', '+1-708-656-4391', '2025-05-19 22:30:52', '2025-05-19 22:30:52'),
(26, 'Katelynn', 'Renner', 'denesik.juvenal@yahoo.com', 'mnSAbZSTxL', '361-516-0412', '2025-05-19 22:30:52', '2025-05-19 22:30:52'),
(27, 'Cory', 'Gutmann', 'braden.klein@hotmail.com', '19rQB0uONf', '1-408-549-5236', '2025-05-19 22:30:52', '2025-05-19 22:30:52'),
(28, 'Athena', 'Crist', 'presley.mraz@gmail.com', 'qAQRVLBoUL', '+1-502-321-1164', '2025-05-19 22:30:52', '2025-05-19 22:30:52'),
(29, 'Ernie', 'Cummerata', 'ckuhic@walter.org', 'd7GD5fQeb4', '+17857738511', '2025-05-19 22:30:52', '2025-05-19 22:30:52'),
(30, 'Angela', 'Keeling', 'elittel@gmail.com', 'yJojHZ56cF', '(425) 341-5319', '2025-05-19 22:30:52', '2025-05-19 22:30:52'),
(31, 'Kelsi', 'Jenkins', 'candelario61@schmeler.com', 'QNc2dEDHzV', '513.256.5286', '2025-05-19 22:30:52', '2025-05-19 22:30:52'),
(32, 'Lera', 'Terry', 'scronin@kuvalis.com', 'PDP1NRekfx', '+1 (223) 441-5410', '2025-05-19 22:30:52', '2025-05-19 22:30:52'),
(33, 'Sammy', 'Thiel', 'kamren62@gmail.com', 'a2faLpuVjv', '+1-606-594-8431', '2025-05-19 22:30:52', '2025-05-19 22:30:52'),
(34, 'Bennie', 'Lueilwitz', 'darron49@senger.com', '9dys7hRGXc', '463.522.0047', '2025-05-19 22:30:52', '2025-05-19 22:30:52'),
(35, 'Baron', 'Dooley', 'albertha.nicolas@hoeger.com', 'DkOORqwsqt', '+1 (520) 619-2762', '2025-05-19 22:30:52', '2025-05-19 22:30:52'),
(36, 'Roel', 'Collins', 'verner.cummerata@gmail.com', 'QCL1RSgKT8', '931-488-7530', '2025-05-19 22:30:52', '2025-05-19 22:30:52'),
(37, 'Garrison', 'Mosciski', 'tia91@gmail.com', '8B3QBgOjP0', '734.763.1969', '2025-05-19 22:30:52', '2025-05-19 22:30:52'),
(38, 'Christelle', 'Gottlieb', 'mcclure.alexandria@torp.com', 'wWKPhR3qaG', '760-563-0446', '2025-05-19 22:30:52', '2025-05-19 22:30:52'),
(39, 'Elias', 'Toy', 'csawayn@schaefer.info', 'rMAhGEOu7n', '458-500-1724', '2025-05-19 22:30:52', '2025-05-19 22:30:52'),
(40, 'Ole', 'Little', 'yrunolfsson@runolfsdottir.biz', '2puUgkyP65', '(434) 865-5231', '2025-05-19 22:30:52', '2025-05-19 22:30:52'),
(41, 'Wiley', 'Ebert', 'imclaughlin@yahoo.com', '8aYwZtWBIR', '1-609-264-7170', '2025-05-19 22:30:52', '2025-05-19 22:30:52'),
(42, 'Mae', 'Cartwright', 'norberto85@jerde.com', 'dYvcjDI18L', '(520) 727-7537', '2025-05-19 22:30:52', '2025-05-19 22:30:52'),
(43, 'Kane', 'Kulas', 'mlueilwitz@johns.org', 'Zivfot09rX', '+1-303-310-7789', '2025-05-19 22:30:52', '2025-05-19 22:30:52'),
(44, 'Hailey', 'Schuppe', 'mondricka@hotmail.com', '243ZdUaorO', '337.339.0505', '2025-05-19 22:30:52', '2025-05-19 22:30:52'),
(45, 'Abigale', 'Swaniawski', 'tod.kihn@hotmail.com', 'QXrT8cNcHH', '+1-908-816-8395', '2025-05-19 22:30:52', '2025-05-19 22:30:52'),
(46, 'Kaylee', 'Veum', 'glubowitz@gmail.com', '6h2rKzoh13', '1-601-415-5439', '2025-05-19 22:30:52', '2025-05-19 22:30:52'),
(47, 'Lorna', 'Zboncak', 'gleichner.julian@barrows.com', '3zwPHaq5aG', '(803) 938-9366', '2025-05-19 22:30:52', '2025-05-19 22:30:52'),
(48, 'Bernard', 'Raynor', 'shanie30@daniel.net', 'kSsj40MeoC', '458.939.6344', '2025-05-19 22:30:52', '2025-05-19 22:30:52'),
(49, 'Ladarius', 'Barton', 'nya.boyle@gmail.com', 'krMhSwnQZI', '+1.331.765.8580', '2025-05-19 22:30:52', '2025-05-19 22:30:52'),
(50, 'Tomasa', 'Brekke', 'fmetz@gmail.com', 'EitzaCmSd8', '+1-743-532-3761', '2025-05-19 22:30:52', '2025-05-19 22:30:52');

-- --------------------------------------------------------

--
-- Table structure for table `failed_jobs`
--

CREATE TABLE `failed_jobs` (
  `id` bigint UNSIGNED NOT NULL,
  `uuid` varchar(255) COLLATE utf8mb4_unicode_ci NOT NULL,
  `connection` text COLLATE utf8mb4_unicode_ci NOT NULL,
  `queue` text COLLATE utf8mb4_unicode_ci NOT NULL,
  `payload` longtext COLLATE utf8mb4_unicode_ci NOT NULL,
  `exception` longtext COLLATE utf8mb4_unicode_ci NOT NULL,
  `failed_at` timestamp NOT NULL DEFAULT CURRENT_TIMESTAMP
) ENGINE=InnoDB DEFAULT CHARSET=utf8mb4 COLLATE=utf8mb4_unicode_ci;

-- --------------------------------------------------------

--
-- Table structure for table `jobs`
--

CREATE TABLE `jobs` (
  `id` bigint UNSIGNED NOT NULL,
  `queue` varchar(255) COLLATE utf8mb4_unicode_ci NOT NULL,
  `payload` longtext COLLATE utf8mb4_unicode_ci NOT NULL,
  `attempts` tinyint UNSIGNED NOT NULL,
  `reserved_at` int UNSIGNED DEFAULT NULL,
  `available_at` int UNSIGNED NOT NULL,
  `created_at` int UNSIGNED NOT NULL
) ENGINE=InnoDB DEFAULT CHARSET=utf8mb4 COLLATE=utf8mb4_unicode_ci;

-- --------------------------------------------------------

--
-- Table structure for table `job_batches`
--

CREATE TABLE `job_batches` (
  `id` varchar(255) COLLATE utf8mb4_unicode_ci NOT NULL,
  `name` varchar(255) COLLATE utf8mb4_unicode_ci NOT NULL,
  `total_jobs` int NOT NULL,
  `pending_jobs` int NOT NULL,
  `failed_jobs` int NOT NULL,
  `failed_job_ids` longtext COLLATE utf8mb4_unicode_ci NOT NULL,
  `options` mediumtext COLLATE utf8mb4_unicode_ci,
  `cancelled_at` int DEFAULT NULL,
  `created_at` int NOT NULL,
  `finished_at` int DEFAULT NULL
) ENGINE=InnoDB DEFAULT CHARSET=utf8mb4 COLLATE=utf8mb4_unicode_ci;

-- --------------------------------------------------------

--
-- Table structure for table `migrations`
--

CREATE TABLE `migrations` (
  `id` int UNSIGNED NOT NULL,
  `migration` varchar(255) COLLATE utf8mb4_unicode_ci NOT NULL,
  `batch` int NOT NULL
) ENGINE=InnoDB DEFAULT CHARSET=utf8mb4 COLLATE=utf8mb4_unicode_ci;

--
-- Dumping data for table `migrations`
--

INSERT INTO `migrations` (`id`, `migration`, `batch`) VALUES
(1, '0001_01_01_000000_create_users_table', 1),
(2, '0001_01_01_000001_create_cache_table', 1),
(3, '0001_01_01_000002_create_jobs_table', 1),
(4, '2025_04_14_215153_create_suppliers_table', 1),
(5, '2025_04_14_220837_create_categories_table', 1),
(6, '2025_04_14_221644_create_stores_table', 1),
(7, '2025_04_14_222127_create_products_table', 1),
(8, '2025_04_14_231628_create_customers_table', 1),
(9, '2025_04_15_131236_create_stocks_table', 1),
(10, '2025_04_15_131848_create_orders_table', 1),
(11, '2025_04_15_132548_create_transactions_table', 1),
(12, '2025_04_15_134705_create_order_product_table', 1);

-- --------------------------------------------------------

--
-- Table structure for table `orders`
--

CREATE TABLE `orders` (
  `id` bigint UNSIGNED NOT NULL,
  `customer_id` bigint UNSIGNED NOT NULL,
  `order_date` datetime NOT NULL,
  `created_at` timestamp NULL DEFAULT NULL,
  `updated_at` timestamp NULL DEFAULT NULL
) ENGINE=InnoDB DEFAULT CHARSET=utf8mb4 COLLATE=utf8mb4_unicode_ci;

--
-- Dumping data for table `orders`
--

INSERT INTO `orders` (`id`, `customer_id`, `order_date`, `created_at`, `updated_at`) VALUES
(1, 21, '1999-03-11 00:00:00', '2025-05-19 22:30:52', '2025-05-19 22:30:52'),
(2, 22, '2004-10-19 00:00:00', '2025-05-19 22:30:52', '2025-05-19 22:30:52'),
(3, 23, '2019-09-23 00:00:00', '2025-05-19 22:30:52', '2025-05-19 22:30:52'),
(4, 24, '1995-09-04 00:00:00', '2025-05-19 22:30:52', '2025-05-19 22:30:52'),
(5, 25, '1992-06-08 00:00:00', '2025-05-19 22:30:52', '2025-05-19 22:30:52'),
(6, 26, '1979-07-05 00:00:00', '2025-05-19 22:30:52', '2025-05-19 22:30:52'),
(7, 27, '2021-09-17 00:00:00', '2025-05-19 22:30:52', '2025-05-19 22:30:52'),
(8, 28, '2020-06-01 00:00:00', '2025-05-19 22:30:52', '2025-05-19 22:30:52'),
(9, 29, '1974-04-09 00:00:00', '2025-05-19 22:30:52', '2025-05-19 22:30:52'),
(10, 30, '1971-12-14 00:00:00', '2025-05-19 22:30:52', '2025-05-19 22:30:52'),
(11, 31, '2006-09-22 00:00:00', '2025-05-19 22:30:52', '2025-05-19 22:30:52'),
(12, 32, '2017-10-30 00:00:00', '2025-05-19 22:30:52', '2025-05-19 22:30:52'),
(13, 33, '2024-04-01 00:00:00', '2025-05-19 22:30:52', '2025-05-19 22:30:52'),
(14, 34, '2024-09-08 00:00:00', '2025-05-19 22:30:52', '2025-05-19 22:30:52'),
(15, 35, '2009-11-01 00:00:00', '2025-05-19 22:30:52', '2025-05-19 22:30:52'),
(16, 36, '2008-11-23 00:00:00', '2025-05-19 22:30:52', '2025-05-19 22:30:52'),
(17, 37, '2023-04-08 00:00:00', '2025-05-19 22:30:52', '2025-05-19 22:30:52'),
(18, 38, '2020-06-14 00:00:00', '2025-05-19 22:30:52', '2025-05-19 22:30:52'),
(19, 39, '1995-01-20 00:00:00', '2025-05-19 22:30:52', '2025-05-19 22:30:52'),
(20, 40, '1995-05-12 00:00:00', '2025-05-19 22:30:52', '2025-05-19 22:30:52'),
(21, 41, '1984-02-13 00:00:00', '2025-05-19 22:30:52', '2025-05-19 22:30:52'),
(22, 42, '2018-10-12 00:00:00', '2025-05-19 22:30:52', '2025-05-19 22:30:52'),
(23, 43, '1993-03-07 00:00:00', '2025-05-19 22:30:52', '2025-05-19 22:30:52'),
(24, 44, '2009-06-20 00:00:00', '2025-05-19 22:30:52', '2025-05-19 22:30:52'),
(25, 45, '1980-05-17 00:00:00', '2025-05-19 22:30:52', '2025-05-19 22:30:52'),
(26, 46, '1999-01-31 00:00:00', '2025-05-19 22:30:52', '2025-05-19 22:30:52'),
(27, 47, '1975-09-05 00:00:00', '2025-05-19 22:30:52', '2025-05-19 22:30:52'),
(28, 48, '2006-05-19 00:00:00', '2025-05-19 22:30:52', '2025-05-19 22:30:52'),
(29, 49, '1995-02-02 00:00:00', '2025-05-19 22:30:52', '2025-05-19 22:30:52'),
(30, 50, '1993-04-24 00:00:00', '2025-05-19 22:30:52', '2025-05-19 22:30:52');

-- --------------------------------------------------------

--
-- Table structure for table `order_product`
--

CREATE TABLE `order_product` (
  `id` bigint UNSIGNED NOT NULL,
  `order_id` bigint UNSIGNED NOT NULL,
  `product_id` bigint UNSIGNED NOT NULL,
  `quantity` int NOT NULL,
  `price` decimal(8,2) NOT NULL,
  `created_at` timestamp NULL DEFAULT NULL,
  `updated_at` timestamp NULL DEFAULT NULL
) ENGINE=InnoDB DEFAULT CHARSET=utf8mb4 COLLATE=utf8mb4_unicode_ci;

--
-- Dumping data for table `order_product`
--

INSERT INTO `order_product` (`id`, `order_id`, `product_id`, `quantity`, `price`, `created_at`, `updated_at`) VALUES
(1, 1, 35, 3, 59.00, '2025-05-19 22:30:52', '2025-05-19 22:30:52'),
(2, 1, 4, 4, 20.00, '2025-05-19 22:30:52', '2025-05-19 22:30:52'),
(3, 1, 38, 2, 50.00, '2025-05-19 22:30:52', '2025-05-19 22:30:52'),
(4, 1, 6, 1, 85.00, '2025-05-19 22:30:52', '2025-05-19 22:30:52'),
(5, 1, 26, 2, 94.00, '2025-05-19 22:30:52', '2025-05-19 22:30:52'),
(6, 2, 35, 4, 59.00, '2025-05-19 22:30:52', '2025-05-19 22:30:52'),
(7, 2, 19, 2, 42.00, '2025-05-19 22:30:52', '2025-05-19 22:30:52'),
(8, 2, 45, 2, 71.00, '2025-05-19 22:30:52', '2025-05-19 22:30:52'),
(9, 2, 24, 5, 49.00, '2025-05-19 22:30:52', '2025-05-19 22:30:52'),
(10, 3, 39, 5, 86.00, '2025-05-19 22:30:52', '2025-05-19 22:30:52'),
(11, 3, 20, 1, 59.00, '2025-05-19 22:30:52', '2025-05-19 22:30:52'),
(12, 3, 23, 5, 88.00, '2025-05-19 22:30:52', '2025-05-19 22:30:52'),
(13, 3, 25, 1, 21.00, '2025-05-19 22:30:52', '2025-05-19 22:30:52'),
(14, 3, 42, 4, 81.00, '2025-05-19 22:30:52', '2025-05-19 22:30:52'),
(15, 4, 25, 3, 21.00, '2025-05-19 22:30:52', '2025-05-19 22:30:52'),
(16, 5, 10, 3, 86.00, '2025-05-19 22:30:52', '2025-05-19 22:30:52'),
(17, 5, 40, 1, 30.00, '2025-05-19 22:30:52', '2025-05-19 22:30:52'),
(18, 5, 48, 4, 96.00, '2025-05-19 22:30:52', '2025-05-19 22:30:52'),
(19, 6, 13, 5, 37.00, '2025-05-19 22:30:52', '2025-05-19 22:30:52'),
(20, 6, 5, 1, 26.00, '2025-05-19 22:30:52', '2025-05-19 22:30:52'),
(21, 6, 6, 3, 85.00, '2025-05-19 22:30:52', '2025-05-19 22:30:52'),
(22, 7, 1, 5, 84.00, '2025-05-19 22:30:53', '2025-05-19 22:30:53'),
(23, 7, 44, 3, 51.00, '2025-05-19 22:30:53', '2025-05-19 22:30:53'),
(24, 7, 5, 1, 26.00, '2025-05-19 22:30:53', '2025-05-19 22:30:53'),
(25, 7, 41, 1, 31.00, '2025-05-19 22:30:53', '2025-05-19 22:30:53'),
(26, 7, 38, 3, 50.00, '2025-05-19 22:30:53', '2025-05-19 22:30:53'),
(27, 8, 32, 5, 99.00, '2025-05-19 22:30:53', '2025-05-19 22:30:53'),
(28, 9, 25, 3, 21.00, '2025-05-19 22:30:53', '2025-05-19 22:30:53'),
(29, 9, 38, 2, 50.00, '2025-05-19 22:30:53', '2025-05-19 22:30:53'),
(30, 9, 45, 2, 71.00, '2025-05-19 22:30:53', '2025-05-19 22:30:53'),
(31, 9, 20, 5, 59.00, '2025-05-19 22:30:53', '2025-05-19 22:30:53'),
(32, 10, 13, 1, 37.00, '2025-05-19 22:30:53', '2025-05-19 22:30:53'),
(33, 10, 38, 3, 50.00, '2025-05-19 22:30:53', '2025-05-19 22:30:53'),
(34, 10, 12, 1, 94.00, '2025-05-19 22:30:53', '2025-05-19 22:30:53'),
(35, 10, 19, 3, 42.00, '2025-05-19 22:30:53', '2025-05-19 22:30:53'),
(36, 10, 27, 4, 55.00, '2025-05-19 22:30:53', '2025-05-19 22:30:53'),
(37, 11, 5, 2, 26.00, '2025-05-19 22:30:53', '2025-05-19 22:30:53'),
(38, 12, 38, 2, 50.00, '2025-05-19 22:30:53', '2025-05-19 22:30:53'),
(39, 13, 22, 1, 29.00, '2025-05-19 22:30:53', '2025-05-19 22:30:53'),
(40, 13, 46, 1, 17.00, '2025-05-19 22:30:53', '2025-05-19 22:30:53'),
(41, 13, 42, 2, 81.00, '2025-05-19 22:30:53', '2025-05-19 22:30:53'),
(42, 13, 50, 3, 52.00, '2025-05-19 22:30:53', '2025-05-19 22:30:53'),
(43, 14, 4, 1, 20.00, '2025-05-19 22:30:53', '2025-05-19 22:30:53'),
(44, 15, 30, 1, 70.00, '2025-05-19 22:30:53', '2025-05-19 22:30:53'),
(45, 16, 13, 5, 37.00, '2025-05-19 22:30:53', '2025-05-19 22:30:53'),
(46, 17, 49, 4, 77.00, '2025-05-19 22:30:53', '2025-05-19 22:30:53'),
(47, 17, 21, 4, 100.00, '2025-05-19 22:30:53', '2025-05-19 22:30:53'),
(48, 18, 30, 1, 70.00, '2025-05-19 22:30:53', '2025-05-19 22:30:53'),
(49, 18, 33, 2, 26.00, '2025-05-19 22:30:53', '2025-05-19 22:30:53'),
(50, 18, 12, 1, 94.00, '2025-05-19 22:30:53', '2025-05-19 22:30:53'),
(51, 18, 35, 1, 59.00, '2025-05-19 22:30:53', '2025-05-19 22:30:53'),
(52, 19, 23, 3, 88.00, '2025-05-19 22:30:53', '2025-05-19 22:30:53'),
(53, 19, 39, 4, 86.00, '2025-05-19 22:30:53', '2025-05-19 22:30:53'),
(54, 19, 1, 1, 84.00, '2025-05-19 22:30:53', '2025-05-19 22:30:53'),
(55, 19, 30, 1, 70.00, '2025-05-19 22:30:53', '2025-05-19 22:30:53'),
(56, 19, 44, 5, 51.00, '2025-05-19 22:30:53', '2025-05-19 22:30:53'),
(57, 20, 26, 1, 94.00, '2025-05-19 22:30:53', '2025-05-19 22:30:53'),
(58, 20, 6, 3, 85.00, '2025-05-19 22:30:53', '2025-05-19 22:30:53'),
(59, 20, 11, 5, 17.00, '2025-05-19 22:30:53', '2025-05-19 22:30:53'),
(60, 21, 25, 4, 21.00, '2025-05-19 22:30:53', '2025-05-19 22:30:53'),
(61, 21, 21, 2, 100.00, '2025-05-19 22:30:53', '2025-05-19 22:30:53'),
(62, 21, 44, 5, 51.00, '2025-05-19 22:30:53', '2025-05-19 22:30:53'),
(63, 21, 17, 5, 43.00, '2025-05-19 22:30:53', '2025-05-19 22:30:53'),
(64, 21, 32, 5, 99.00, '2025-05-19 22:30:53', '2025-05-19 22:30:53'),
(65, 22, 31, 3, 49.00, '2025-05-19 22:30:53', '2025-05-19 22:30:53'),
(66, 22, 47, 3, 33.00, '2025-05-19 22:30:53', '2025-05-19 22:30:53'),
(67, 22, 1, 2, 84.00, '2025-05-19 22:30:53', '2025-05-19 22:30:53'),
(68, 22, 19, 5, 42.00, '2025-05-19 22:30:53', '2025-05-19 22:30:53'),
(69, 22, 15, 4, 18.00, '2025-05-19 22:30:53', '2025-05-19 22:30:53'),
(70, 23, 49, 1, 77.00, '2025-05-19 22:30:53', '2025-05-19 22:30:53'),
(71, 24, 1, 3, 84.00, '2025-05-19 22:30:53', '2025-05-19 22:30:53'),
(72, 24, 50, 5, 52.00, '2025-05-19 22:30:53', '2025-05-19 22:30:53'),
(73, 24, 5, 1, 26.00, '2025-05-19 22:30:53', '2025-05-19 22:30:53'),
(74, 24, 44, 3, 51.00, '2025-05-19 22:30:53', '2025-05-19 22:30:53'),
(75, 25, 6, 5, 85.00, '2025-05-19 22:30:53', '2025-05-19 22:30:53'),
(76, 25, 27, 3, 55.00, '2025-05-19 22:30:53', '2025-05-19 22:30:53'),
(77, 25, 43, 1, 50.00, '2025-05-19 22:30:53', '2025-05-19 22:30:53'),
(78, 25, 33, 3, 26.00, '2025-05-19 22:30:53', '2025-05-19 22:30:53'),
(79, 26, 14, 4, 93.00, '2025-05-19 22:30:53', '2025-05-19 22:30:53'),
(80, 26, 32, 5, 99.00, '2025-05-19 22:30:53', '2025-05-19 22:30:53'),
(81, 27, 47, 3, 33.00, '2025-05-19 22:30:53', '2025-05-19 22:30:53'),
(82, 27, 34, 5, 46.00, '2025-05-19 22:30:53', '2025-05-19 22:30:53'),
(83, 27, 7, 3, 50.00, '2025-05-19 22:30:53', '2025-05-19 22:30:53'),
(84, 27, 31, 3, 49.00, '2025-05-19 22:30:53', '2025-05-19 22:30:53'),
(85, 28, 9, 4, 93.00, '2025-05-19 22:30:53', '2025-05-19 22:30:53'),
(86, 28, 25, 1, 21.00, '2025-05-19 22:30:53', '2025-05-19 22:30:53'),
(87, 28, 32, 3, 99.00, '2025-05-19 22:30:53', '2025-05-19 22:30:53'),
(88, 28, 3, 2, 69.00, '2025-05-19 22:30:53', '2025-05-19 22:30:53'),
(89, 29, 47, 5, 33.00, '2025-05-19 22:30:53', '2025-05-19 22:30:53'),
(90, 29, 33, 5, 26.00, '2025-05-19 22:30:53', '2025-05-19 22:30:53'),
(91, 30, 13, 2, 37.00, '2025-05-19 22:30:53', '2025-05-19 22:30:53'),
(92, 30, 37, 2, 43.00, '2025-05-19 22:30:53', '2025-05-19 22:30:53'),
(93, 30, 41, 1, 31.00, '2025-05-19 22:30:53', '2025-05-19 22:30:53'),
(94, 30, 33, 1, 26.00, '2025-05-19 22:30:53', '2025-05-19 22:30:53');

-- --------------------------------------------------------

--
-- Table structure for table `password_reset_tokens`
--

CREATE TABLE `password_reset_tokens` (
  `email` varchar(255) COLLATE utf8mb4_unicode_ci NOT NULL,
  `token` varchar(255) COLLATE utf8mb4_unicode_ci NOT NULL,
  `created_at` timestamp NULL DEFAULT NULL
) ENGINE=InnoDB DEFAULT CHARSET=utf8mb4 COLLATE=utf8mb4_unicode_ci;

--
-- Dumping data for table `password_reset_tokens`
--

INSERT INTO `password_reset_tokens` (`email`, `token`, `created_at`) VALUES
('lhbachbilal@gmail.com', '$2y$12$tYOSlgK6nNyRynqMKDtPW.42TiaIPA4nAKvYsTHMHBB5AjLdqbWM.', '2025-05-20 08:36:29');

-- --------------------------------------------------------

--
-- Table structure for table `products`
--

CREATE TABLE `products` (
  `id` bigint UNSIGNED NOT NULL,
  `category_id` bigint UNSIGNED NOT NULL,
  `supplier_id` bigint UNSIGNED NOT NULL,
  `name` varchar(255) COLLATE utf8mb4_unicode_ci NOT NULL,
  `description` varchar(255) COLLATE utf8mb4_unicode_ci NOT NULL,
  `price` decimal(8,2) NOT NULL,
  `created_at` timestamp NULL DEFAULT NULL,
  `updated_at` timestamp NULL DEFAULT NULL
) ENGINE=InnoDB DEFAULT CHARSET=utf8mb4 COLLATE=utf8mb4_unicode_ci;

--
-- Dumping data for table `products`
--

INSERT INTO `products` (`id`, `category_id`, `supplier_id`, `name`, `description`, `price`, `created_at`, `updated_at`) VALUES
(1, 6, 11, 'Miss Sasha Stracke MD', 'oyrc8O4yC0', 84.00, '2025-05-19 22:30:52', '2025-05-19 22:30:52'),
(2, 7, 12, 'Carlie DuBuque', 'QoqVOAjO6U', 10.00, '2025-05-19 22:30:52', '2025-05-19 22:30:52'),
(3, 8, 13, 'Timmothy Mayert', 'QXLUxfcOZM', 69.00, '2025-05-19 22:30:52', '2025-05-19 22:30:52'),
(4, 9, 14, 'Hanna Cartwright', 'lQMCYHLyGv', 20.00, '2025-05-19 22:30:52', '2025-05-19 22:30:52'),
(5, 10, 15, 'Kurtis Rowe', 'z79teUsabX', 26.00, '2025-05-19 22:30:52', '2025-05-19 22:30:52'),
(6, 11, 16, 'Mason Mraz', 'nvBd9XWL8L', 85.00, '2025-05-19 22:30:52', '2025-05-19 22:30:52'),
(7, 12, 17, 'Jesus Murray', 't586Yv8t0S', 50.00, '2025-05-19 22:30:52', '2025-05-19 22:30:52'),
(8, 13, 18, 'Ms. Bonnie Bogisich Sr.', 'dRKoGCQhFV', 60.00, '2025-05-19 22:30:52', '2025-05-19 22:30:52'),
(9, 14, 19, 'Dr. Morris Wisoky', 'ukpdoqsVSy', 93.00, '2025-05-19 22:30:52', '2025-05-19 22:30:52'),
(10, 15, 20, 'Olga Thompson', 'MJIsZnDtHt', 86.00, '2025-05-19 22:30:52', '2025-05-19 22:30:52'),
(11, 16, 21, 'Prof. Marley Medhurst DVM', 'l8Fj31OQH3', 17.00, '2025-05-19 22:30:52', '2025-05-19 22:30:52'),
(12, 17, 22, 'Francisco Cartwright', '9j4NfWOaUb', 94.00, '2025-05-19 22:30:52', '2025-05-19 22:30:52'),
(13, 18, 23, 'Rick Thiel', 'YSZSM5ogGb', 37.00, '2025-05-19 22:30:52', '2025-05-19 22:30:52'),
(14, 19, 24, 'Augustus Hane', 'YFDctxr5EH', 93.00, '2025-05-19 22:30:52', '2025-05-19 22:30:52'),
(15, 20, 25, 'Cleora D\'Amore', 'MgiTtApPes', 18.00, '2025-05-19 22:30:52', '2025-05-19 22:30:52'),
(16, 21, 26, 'Earnestine Baumbach', 'ejLwlZyrrc', 18.00, '2025-05-19 22:30:52', '2025-05-19 22:30:52'),
(17, 22, 27, 'Rowena Legros', 'eKGgSOcXXs', 43.00, '2025-05-19 22:30:52', '2025-05-19 22:30:52'),
(18, 23, 28, 'Mrs. Daisy Kris', 'SGkqmNvPgZ', 14.00, '2025-05-19 22:30:52', '2025-05-19 22:30:52'),
(19, 24, 29, 'Hershel Kshlerin', '3vYZsnYG1w', 42.00, '2025-05-19 22:30:52', '2025-05-19 22:30:52'),
(20, 25, 30, 'Elvis Marvin', 'EyR2yKcoTx', 59.00, '2025-05-19 22:30:52', '2025-05-19 22:30:52'),
(21, 26, 31, 'Lilly O\'Kon', 'IbJTooT2pB', 100.00, '2025-05-19 22:30:52', '2025-05-19 22:30:52'),
(22, 27, 32, 'Wilfrid Gaylord', 'umZ2aV6VFV', 29.00, '2025-05-19 22:30:52', '2025-05-19 22:30:52'),
(23, 28, 33, 'Colin Volkman', 'LRICfVwVz8', 88.00, '2025-05-19 22:30:52', '2025-05-19 22:30:52'),
(24, 29, 34, 'Kara Kling', 'A9eVhmfw5E', 49.00, '2025-05-19 22:30:52', '2025-05-19 22:30:52'),
(25, 30, 35, 'Duane Schuppe', 'GHcRXpn5gG', 21.00, '2025-05-19 22:30:52', '2025-05-19 22:30:52'),
(26, 31, 36, 'Dr. Evan Harris', 'NfQTy5BX3X', 94.00, '2025-05-19 22:30:52', '2025-05-19 22:30:52'),
(27, 32, 37, 'Macey Conn', 'JrWVffu78Z', 55.00, '2025-05-19 22:30:52', '2025-05-19 22:30:52'),
(28, 33, 38, 'Zora Kilback', 'lEYafvnwLC', 40.00, '2025-05-19 22:30:52', '2025-05-19 22:30:52'),
(29, 34, 39, 'Shyann Balistreri', 'GsFymicm2b', 34.00, '2025-05-19 22:30:52', '2025-05-19 22:30:52'),
(30, 35, 40, 'Veda Reinger', 'O9EXfAaBwU', 70.00, '2025-05-19 22:30:52', '2025-05-19 22:30:52'),
(31, 36, 41, 'Dr. Ernest Corwin PhD', 'V9sQ82u9LH', 49.00, '2025-05-19 22:30:52', '2025-05-19 22:30:52'),
(32, 37, 42, 'Dr. Isidro Hackett III', 'mARtVESFc8', 99.00, '2025-05-19 22:30:52', '2025-05-19 22:30:52'),
(33, 38, 43, 'Mr. Alan Fay', '2AiwJxPbqq', 26.00, '2025-05-19 22:30:52', '2025-05-19 22:30:52'),
(34, 39, 44, 'Alivia Murphy', 'uhun3nJBYh', 46.00, '2025-05-19 22:30:52', '2025-05-19 22:30:52'),
(35, 40, 45, 'Fernando Herman', 'YNUWPZSNK2', 59.00, '2025-05-19 22:30:52', '2025-05-19 22:30:52'),
(36, 41, 46, 'Rey Little', 'c7Z0wkrOWH', 17.00, '2025-05-19 22:30:52', '2025-05-19 22:30:52'),
(37, 42, 47, 'Trever Kreiger', 'wADSwNiAwC', 43.00, '2025-05-19 22:30:52', '2025-05-19 22:30:52'),
(38, 43, 48, 'Hipolito Kutch', 'lKabCtMauE', 50.00, '2025-05-19 22:30:52', '2025-05-19 22:30:52'),
(39, 44, 49, 'Stefanie Klein', 'fGNZhaZHmc', 86.00, '2025-05-19 22:30:52', '2025-05-19 22:30:52'),
(40, 45, 50, 'Ms. Roselyn Mraz', 'ls2gyYZQm1', 30.00, '2025-05-19 22:30:52', '2025-05-19 22:30:52'),
(41, 46, 51, 'Kaylee Becker', 'Ojq4Ifch1c', 31.00, '2025-05-19 22:30:52', '2025-05-19 22:30:52'),
(42, 47, 52, 'Gabrielle Marks', 'Q5ROBJmC1A', 81.00, '2025-05-19 22:30:52', '2025-05-19 22:30:52'),
(43, 48, 53, 'Prof. Willard Sporer', 'W8vHcMRSSJ', 50.00, '2025-05-19 22:30:52', '2025-05-19 22:30:52'),
(44, 49, 54, 'Brandy Leffler', 'OY3ZP365lO', 51.00, '2025-05-19 22:30:52', '2025-05-19 22:30:52'),
(45, 50, 55, 'Savion Bartoletti', 'i0qTO1bTHM', 71.00, '2025-05-19 22:30:52', '2025-05-19 22:30:52'),
(46, 51, 56, 'Jocelyn Howell', 'rXLV4szSjY', 17.00, '2025-05-19 22:30:52', '2025-05-19 22:30:52'),
(47, 52, 57, 'Tod Krajcik', '1e7oFB3XJm', 33.00, '2025-05-19 22:30:52', '2025-05-19 22:30:52'),
(48, 53, 58, 'Rudy Barrows MD', 'sy1mY31s0R', 96.00, '2025-05-19 22:30:52', '2025-05-19 22:30:52'),
(49, 54, 59, 'Johnnie Wintheiser IV', '8m4hiZ67P6', 77.00, '2025-05-19 22:30:52', '2025-05-19 22:30:52'),
(50, 55, 60, 'Marco Schuppe', 'OREe4rKwaT', 52.00, '2025-05-19 22:30:52', '2025-05-19 22:30:52');

-- --------------------------------------------------------

--
-- Table structure for table `sessions`
--

CREATE TABLE `sessions` (
  `id` varchar(255) COLLATE utf8mb4_unicode_ci NOT NULL,
  `user_id` bigint UNSIGNED DEFAULT NULL,
  `ip_address` varchar(45) COLLATE utf8mb4_unicode_ci DEFAULT NULL,
  `user_agent` text COLLATE utf8mb4_unicode_ci,
  `payload` longtext COLLATE utf8mb4_unicode_ci NOT NULL,
  `last_activity` int NOT NULL
) ENGINE=InnoDB DEFAULT CHARSET=utf8mb4 COLLATE=utf8mb4_unicode_ci;

-- --------------------------------------------------------

--
-- Table structure for table `stocks`
--

CREATE TABLE `stocks` (
  `id` bigint UNSIGNED NOT NULL,
  `product_id` bigint UNSIGNED NOT NULL,
  `store_id` bigint UNSIGNED NOT NULL,
  `quantity_stock` int NOT NULL,
  `created_at` timestamp NULL DEFAULT NULL,
  `updated_at` timestamp NULL DEFAULT NULL
) ENGINE=InnoDB DEFAULT CHARSET=utf8mb4 COLLATE=utf8mb4_unicode_ci;

--
-- Dumping data for table `stocks`
--

INSERT INTO `stocks` (`id`, `product_id`, `store_id`, `quantity_stock`, `created_at`, `updated_at`) VALUES
(1, 1, 4, 13, '2025-05-19 22:30:52', '2025-05-19 22:30:52'),
(2, 2, 5, 20, '2025-05-19 22:30:52', '2025-05-19 22:30:52'),
(3, 3, 6, 17, '2025-05-19 22:30:52', '2025-05-19 22:30:52'),
(4, 4, 7, 18, '2025-05-19 22:30:52', '2025-05-19 22:30:52'),
(5, 5, 8, 19, '2025-05-19 22:30:52', '2025-05-19 22:30:52'),
(6, 6, 9, 20, '2025-05-19 22:30:52', '2025-05-19 22:30:52'),
(7, 7, 10, 11, '2025-05-19 22:30:52', '2025-05-19 22:30:52'),
(8, 8, 11, 16, '2025-05-19 22:30:52', '2025-05-19 22:30:52'),
(9, 9, 12, 15, '2025-05-19 22:30:52', '2025-05-19 22:30:52'),
(10, 10, 13, 20, '2025-05-19 22:30:52', '2025-05-19 22:30:52'),
(11, 11, 14, 16, '2025-05-19 22:30:52', '2025-05-19 22:30:52'),
(12, 12, 15, 20, '2025-05-19 22:30:52', '2025-05-19 22:30:52'),
(13, 13, 16, 12, '2025-05-19 22:30:52', '2025-05-19 22:30:52'),
(14, 14, 17, 11, '2025-05-19 22:30:52', '2025-05-19 22:30:52'),
(15, 15, 18, 15, '2025-05-19 22:30:52', '2025-05-19 22:30:52'),
(16, 16, 19, 20, '2025-05-19 22:30:52', '2025-05-19 22:30:52'),
(17, 17, 20, 10, '2025-05-19 22:30:52', '2025-05-19 22:30:52'),
(18, 18, 21, 20, '2025-05-19 22:30:52', '2025-05-19 22:30:52'),
(19, 19, 22, 15, '2025-05-19 22:30:52', '2025-05-19 22:30:52'),
(20, 20, 23, 20, '2025-05-19 22:30:52', '2025-05-19 22:30:52'),
(21, 21, 24, 16, '2025-05-19 22:30:52', '2025-05-19 22:30:52'),
(22, 22, 25, 19, '2025-05-19 22:30:52', '2025-05-19 22:30:52'),
(23, 23, 26, 14, '2025-05-19 22:30:52', '2025-05-19 22:30:52'),
(24, 24, 27, 16, '2025-05-19 22:30:52', '2025-05-19 22:30:52'),
(25, 25, 28, 12, '2025-05-19 22:30:52', '2025-05-19 22:30:52'),
(26, 26, 29, 11, '2025-05-19 22:30:52', '2025-05-19 22:30:52'),
(27, 27, 30, 12, '2025-05-19 22:30:52', '2025-05-19 22:30:52'),
(28, 28, 31, 10, '2025-05-19 22:30:52', '2025-05-19 22:30:52'),
(29, 29, 32, 19, '2025-05-19 22:30:52', '2025-05-19 22:30:52'),
(30, 30, 33, 12, '2025-05-19 22:30:52', '2025-05-19 22:30:52'),
(31, 31, 34, 10, '2025-05-19 22:30:52', '2025-05-19 22:30:52'),
(32, 32, 35, 14, '2025-05-19 22:30:52', '2025-05-19 22:30:52'),
(33, 33, 36, 10, '2025-05-19 22:30:52', '2025-05-19 22:30:52'),
(34, 34, 37, 20, '2025-05-19 22:30:52', '2025-05-19 22:30:52'),
(35, 35, 38, 17, '2025-05-19 22:30:52', '2025-05-19 22:30:52'),
(36, 36, 39, 11, '2025-05-19 22:30:52', '2025-05-19 22:30:52'),
(37, 37, 40, 12, '2025-05-19 22:30:52', '2025-05-19 22:30:52'),
(38, 38, 41, 14, '2025-05-19 22:30:52', '2025-05-19 22:30:52'),
(39, 39, 42, 13, '2025-05-19 22:30:52', '2025-05-19 22:30:52'),
(40, 40, 43, 16, '2025-05-19 22:30:52', '2025-05-19 22:30:52'),
(41, 41, 44, 17, '2025-05-19 22:30:52', '2025-05-19 22:30:52'),
(42, 42, 45, 15, '2025-05-19 22:30:52', '2025-05-19 22:30:52'),
(43, 43, 46, 11, '2025-05-19 22:30:52', '2025-05-19 22:30:52'),
(44, 44, 47, 16, '2025-05-19 22:30:52', '2025-05-19 22:30:52'),
(45, 45, 48, 17, '2025-05-19 22:30:52', '2025-05-19 22:30:52'),
(46, 46, 49, 12, '2025-05-19 22:30:52', '2025-05-19 22:30:52'),
(47, 47, 50, 20, '2025-05-19 22:30:52', '2025-05-19 22:30:52'),
(48, 48, 51, 19, '2025-05-19 22:30:52', '2025-05-19 22:30:52'),
(49, 49, 52, 13, '2025-05-19 22:30:52', '2025-05-19 22:30:52'),
(50, 50, 53, 13, '2025-05-19 22:30:52', '2025-05-19 22:30:52');

-- --------------------------------------------------------

--
-- Table structure for table `stores`
--

CREATE TABLE `stores` (
  `id` bigint UNSIGNED NOT NULL,
  `name` varchar(255) COLLATE utf8mb4_unicode_ci NOT NULL,
  `address` varchar(255) COLLATE utf8mb4_unicode_ci NOT NULL,
  `phone` varchar(255) COLLATE utf8mb4_unicode_ci NOT NULL,
  `created_at` timestamp NULL DEFAULT NULL,
  `updated_at` timestamp NULL DEFAULT NULL
) ENGINE=InnoDB DEFAULT CHARSET=utf8mb4 COLLATE=utf8mb4_unicode_ci;

--
-- Dumping data for table `stores`
--

INSERT INTO `stores` (`id`, `name`, `address`, `phone`, `created_at`, `updated_at`) VALUES
(1, 'Prof. Joy Hammes', 'DVPIiust2w', '757-363-0863', '2025-05-19 22:30:51', '2025-05-19 22:30:51'),
(2, 'Miss Marjolaine Shields II', '1uwwXNQKVS', '423.529.0173', '2025-05-19 22:30:51', '2025-05-19 22:30:51'),
(3, 'Marcus Block', 'NO2G84HMBA', '1-330-419-1447', '2025-05-19 22:30:51', '2025-05-19 22:30:51'),
(4, 'Elyse Thiel', 'kux8Px7bWj', '601.968.1173', '2025-05-19 22:30:52', '2025-05-19 22:30:52'),
(5, 'Prof. Elyssa Hoppe Sr.', 'xzEI9Lix2D', '(214) 406-6089', '2025-05-19 22:30:52', '2025-05-19 22:30:52'),
(6, 'Dr. Connie Schaden III', 'WX9wH6JVPK', '458-608-5604', '2025-05-19 22:30:52', '2025-05-19 22:30:52'),
(7, 'Jaleel Williamson', 'sbDrrxYjUC', '+1-279-839-6908', '2025-05-19 22:30:52', '2025-05-19 22:30:52'),
(8, 'Hulda Lehner', 'MHQYTo4m3i', '+1 (831) 971-9410', '2025-05-19 22:30:52', '2025-05-19 22:30:52'),
(9, 'Lottie Pacocha', '7LIBt3knn2', '681-850-0555', '2025-05-19 22:30:52', '2025-05-19 22:30:52'),
(10, 'Leif Gottlieb', 'JRYQ2e69Tc', '(669) 599-8919', '2025-05-19 22:30:52', '2025-05-19 22:30:52'),
(11, 'Nicola Borer', 'P72sI2zePa', '+1.725.575.0545', '2025-05-19 22:30:52', '2025-05-19 22:30:52'),
(12, 'Ms. Alexandra Strosin V', 'Fv3Vcqp2cj', '419-234-3490', '2025-05-19 22:30:52', '2025-05-19 22:30:52'),
(13, 'Prof. Meghan Olson PhD', 'U1Wuyi1TIt', '+15675383431', '2025-05-19 22:30:52', '2025-05-19 22:30:52'),
(14, 'Milton Corkery', 'k1I4pvN7BJ', '(854) 235-6741', '2025-05-19 22:30:52', '2025-05-19 22:30:52'),
(15, 'Nedra Huel', 'Xp5eyqtt7U', '574.832.8390', '2025-05-19 22:30:52', '2025-05-19 22:30:52'),
(16, 'Jonas Sporer', 'gzovodBaWS', '920.589.1637', '2025-05-19 22:30:52', '2025-05-19 22:30:52'),
(17, 'Mr. Brycen Fadel', '0UoAGhe3uI', '1-559-388-7731', '2025-05-19 22:30:52', '2025-05-19 22:30:52'),
(18, 'Isaiah Wilkinson', 'WeBm7doNj7', '+1 (769) 683-1274', '2025-05-19 22:30:52', '2025-05-19 22:30:52'),
(19, 'Roman Hills', '4U9fkwPJyy', '+1-251-999-1566', '2025-05-19 22:30:52', '2025-05-19 22:30:52'),
(20, 'Ms. Teagan Rosenbaum', 'gqdvdBYMHc', '1-878-847-7362', '2025-05-19 22:30:52', '2025-05-19 22:30:52'),
(21, 'Dovie Moore', 'GexO4TGhFY', '(678) 339-5733', '2025-05-19 22:30:52', '2025-05-19 22:30:52'),
(22, 'Moses Smith', 'KyIeanS5XC', '562-390-5003', '2025-05-19 22:30:52', '2025-05-19 22:30:52'),
(23, 'Miss Britney Nolan', 'sYsF15mvso', '(260) 810-9239', '2025-05-19 22:30:52', '2025-05-19 22:30:52'),
(24, 'Rory Schneider', 'uNXT14ABjI', '(865) 642-0831', '2025-05-19 22:30:52', '2025-05-19 22:30:52'),
(25, 'Thelma Koepp', 'G2uWZP9WWt', '720.576.1818', '2025-05-19 22:30:52', '2025-05-19 22:30:52'),
(26, 'Jaren Morissette', 'wVgiGymnTd', '925-688-1749', '2025-05-19 22:30:52', '2025-05-19 22:30:52'),
(27, 'Sherman Luettgen', 'czUiI7kka6', '1-302-769-2537', '2025-05-19 22:30:52', '2025-05-19 22:30:52'),
(28, 'Brayan Prohaska', 'Ixmo7RORv9', '208-950-3284', '2025-05-19 22:30:52', '2025-05-19 22:30:52'),
(29, 'Howard Jaskolski', 'MTWAYnJVVq', '+1.586.547.3258', '2025-05-19 22:30:52', '2025-05-19 22:30:52'),
(30, 'Sterling Bergnaum', 'Z8Ze1yb3xn', '1-769-309-9553', '2025-05-19 22:30:52', '2025-05-19 22:30:52'),
(31, 'Opal Konopelski', 'Nyn9DqOb8N', '401-567-3402', '2025-05-19 22:30:52', '2025-05-19 22:30:52'),
(32, 'Chanelle Crist', 'si2cgXU4RU', '424-313-9355', '2025-05-19 22:30:52', '2025-05-19 22:30:52'),
(33, 'Elnora Zemlak', 'fB6ZoqVtSD', '+16012798102', '2025-05-19 22:30:52', '2025-05-19 22:30:52'),
(34, 'Dr. Zula McGlynn', 'Vau1RD9bPd', '(276) 894-5682', '2025-05-19 22:30:52', '2025-05-19 22:30:52'),
(35, 'Deontae Eichmann', 'BLC3WaDslX', '+16673133838', '2025-05-19 22:30:52', '2025-05-19 22:30:52'),
(36, 'Tomasa Parker', '13PHlprsb3', '+1-947-679-5505', '2025-05-19 22:30:52', '2025-05-19 22:30:52'),
(37, 'Lorenzo Hammes V', 'o26pPOjR6s', '+1 (321) 395-6560', '2025-05-19 22:30:52', '2025-05-19 22:30:52'),
(38, 'Angela Lemke', 'a4vp7lgAwC', '430.874.1317', '2025-05-19 22:30:52', '2025-05-19 22:30:52'),
(39, 'Amalia Cassin', 'gbOgKKhVjL', '405.482.4029', '2025-05-19 22:30:52', '2025-05-19 22:30:52'),
(40, 'Miss Retta Vandervort MD', 'stlTZWvUkj', '1-281-752-7991', '2025-05-19 22:30:52', '2025-05-19 22:30:52'),
(41, 'Elna Haag', 'xsTnuUsBUT', '262-842-0690', '2025-05-19 22:30:52', '2025-05-19 22:30:52'),
(42, 'Lenna Roob', 'cgkF4OYxUC', '1-510-492-8057', '2025-05-19 22:30:52', '2025-05-19 22:30:52'),
(43, 'Florine Boehm', 'AYIKzBgPmg', '+13526131337', '2025-05-19 22:30:52', '2025-05-19 22:30:52'),
(44, 'Ambrose Gorczany', '2aw1PERHSJ', '909.291.9634', '2025-05-19 22:30:52', '2025-05-19 22:30:52'),
(45, 'Miss Lizeth Flatley', 'lMdAazZLim', '1-445-385-3161', '2025-05-19 22:30:52', '2025-05-19 22:30:52'),
(46, 'Dell Keebler', 'SO29GVZGtM', '1-865-217-5426', '2025-05-19 22:30:52', '2025-05-19 22:30:52'),
(47, 'Breanna Upton', 'GjFSObUI72', '+1 (214) 949-9924', '2025-05-19 22:30:52', '2025-05-19 22:30:52'),
(48, 'Prof. Magdalena Marquardt PhD', 'eTaD7MpzxN', '828-235-2483', '2025-05-19 22:30:52', '2025-05-19 22:30:52'),
(49, 'Bruce Rolfson I', 'hJO56OWGPj', '540.638.1756', '2025-05-19 22:30:52', '2025-05-19 22:30:52'),
(50, 'Dorris Hammes Sr.', '41BU5xPS3P', '+19312151306', '2025-05-19 22:30:52', '2025-05-19 22:30:52'),
(51, 'Stefan Glover', 'Sn2YIzHtL8', '430-810-2513', '2025-05-19 22:30:52', '2025-05-19 22:30:52'),
(52, 'Spencer Wolff', 'wbpxh0exK4', '(509) 421-7874', '2025-05-19 22:30:52', '2025-05-19 22:30:52'),
(53, 'Dr. Blair Dare Jr.', 'dO4mFrhoTu', '1-650-234-3355', '2025-05-19 22:30:52', '2025-05-19 22:30:52');

-- --------------------------------------------------------

--
-- Table structure for table `suppliers`
--

CREATE TABLE `suppliers` (
  `id` bigint UNSIGNED NOT NULL,
  `first_name` varchar(255) COLLATE utf8mb4_unicode_ci NOT NULL,
  `last_name` varchar(255) COLLATE utf8mb4_unicode_ci NOT NULL,
  `email` varchar(255) COLLATE utf8mb4_unicode_ci NOT NULL,
  `address` varchar(255) COLLATE utf8mb4_unicode_ci NOT NULL,
  `phone` varchar(255) COLLATE utf8mb4_unicode_ci NOT NULL,
  `created_at` timestamp NULL DEFAULT NULL,
  `updated_at` timestamp NULL DEFAULT NULL
) ENGINE=InnoDB DEFAULT CHARSET=utf8mb4 COLLATE=utf8mb4_unicode_ci;

--
-- Dumping data for table `suppliers`
--

INSERT INTO `suppliers` (`id`, `first_name`, `last_name`, `email`, `address`, `phone`, `created_at`, `updated_at`) VALUES
(1, 'Jasmin', 'Reilly', 'camden28@yahoo.com', 'BxtJcXPxjO', '1-610-281-8694', '2025-05-19 22:30:51', '2025-05-19 22:30:51'),
(2, 'Hattie', 'Murazik', 'jstark@hotmail.com', 'iJt1wXtRBo', '272-245-8396', '2025-05-19 22:30:51', '2025-05-19 22:30:51'),
(3, 'Stanton', 'Heller', 'larkin.norris@hotmail.com', 'kUWfGgSMta', '747-489-7184', '2025-05-19 22:30:51', '2025-05-19 22:30:51'),
(4, 'Noe', 'Blanda', 'lhodkiewicz@yahoo.com', 'rSeqimmWah', '559-658-8928', '2025-05-19 22:30:51', '2025-05-19 22:30:51'),
(5, 'Wava', 'Reichert', 'kris.noe@yahoo.com', 'VfpBdZqGD2', '+1.281.260.4011', '2025-05-19 22:30:51', '2025-05-19 22:30:51'),
(6, 'Zachary', 'Hessel', 'montana82@gmail.com', 'B59PUrxfPi', '+14427988623', '2025-05-19 22:30:51', '2025-05-19 22:30:51'),
(7, 'Linda', 'Dickens', 'gryan@hotmail.com', 'qucHkHrvFH', '417-516-3609', '2025-05-19 22:30:51', '2025-05-19 22:30:51'),
(8, 'Jamie', 'Wiza', 'skylar62@kerluke.net', 'xePiqV71l9', '(256) 830-1864', '2025-05-19 22:30:51', '2025-05-19 22:30:51'),
(9, 'Jude', 'Prosacco', 'turner.nola@kuvalis.com', 'pxrASLecUY', '515.893.7494', '2025-05-19 22:30:51', '2025-05-19 22:30:51'),
(10, 'Aniyah', 'Lockman', 'melody79@hotmail.com', 'sSXALhTiDM', '+1-623-419-1382', '2025-05-19 22:30:51', '2025-05-19 22:30:51'),
(11, 'Aliya', 'Morissette', 'kris.alexandre@braun.com', 'YztxpTYsgj', '223-734-5142', '2025-05-19 22:30:51', '2025-05-19 22:30:51'),
(12, 'Arnaldo', 'Lynch', 'rocky.howell@daniel.com', '16YilyyvNF', '1-860-594-5586', '2025-05-19 22:30:51', '2025-05-19 22:30:51'),
(13, 'Julien', 'Metz', 'heloise.yost@schmeler.biz', 'AP0PYBq0Id', '385.591.2376', '2025-05-19 22:30:51', '2025-05-19 22:30:51'),
(14, 'Parker', 'Abernathy', 'ray.doyle@yahoo.com', '1bgI1qoslF', '+1.561.230.9740', '2025-05-19 22:30:51', '2025-05-19 22:30:51'),
(15, 'Bertrand', 'Osinski', 'reilly68@hotmail.com', 'gKyqNrhh1G', '+1-225-688-7920', '2025-05-19 22:30:51', '2025-05-19 22:30:51'),
(16, 'Malika', 'Quitzon', 'bmclaughlin@gmail.com', '9mXrsuj8Mg', '+1.541.471.1085', '2025-05-19 22:30:51', '2025-05-19 22:30:51'),
(17, 'Andy', 'Williamson', 'wade98@hotmail.com', 'Toydru38xM', '+1-747-226-7302', '2025-05-19 22:30:51', '2025-05-19 22:30:51'),
(18, 'Fredy', 'Lebsack', 'mroob@gmail.com', 'JFnepv3k0w', '+18046331226', '2025-05-19 22:30:51', '2025-05-19 22:30:51'),
(19, 'Delbert', 'Hills', 'smohr@yahoo.com', 'BmS5Tc5u3l', '+1.508.542.7361', '2025-05-19 22:30:51', '2025-05-19 22:30:51'),
(20, 'Isabell', 'Christiansen', 'effertz.alvena@yahoo.com', 'mUiLvD6Sh5', '410.815.3711', '2025-05-19 22:30:51', '2025-05-19 22:30:51'),
(21, 'Shana', 'Dickinson', 'palma.kassulke@hotmail.com', 'MA8abpADJ2', '(929) 308-4185', '2025-05-19 22:30:51', '2025-05-19 22:30:51'),
(22, 'Brycen', 'Gaylord', 'luella.mante@gmail.com', 'vOjVSukkvL', '856.558.7206', '2025-05-19 22:30:51', '2025-05-19 22:30:51'),
(23, 'Creola', 'Jenkins', 'schultz.katrina@yahoo.com', '1oAaip3MT5', '479-942-5090', '2025-05-19 22:30:52', '2025-05-19 22:30:52'),
(24, 'Vivien', 'Kutch', 'rosenbaum.eveline@hotmail.com', 'L7hk1fg5mN', '1-571-399-7197', '2025-05-19 22:30:52', '2025-05-19 22:30:52'),
(25, 'Lloyd', 'Schowalter', 'doug19@gmail.com', 'SKtVjdXyCm', '+15752275315', '2025-05-19 22:30:52', '2025-05-19 22:30:52'),
(26, 'Everett', 'Fahey', 'leora02@torp.com', 'lyD2FluHCL', '248.821.7773', '2025-05-19 22:30:52', '2025-05-19 22:30:52'),
(27, 'Destin', 'Reynolds', 'karolann70@maggio.com', 'c6rtEHifQu', '320.896.9472', '2025-05-19 22:30:52', '2025-05-19 22:30:52'),
(28, 'Kaia', 'Bernhard', 'funk.delilah@botsford.com', '1MMgLPrLHR', '+1.248.952.3154', '2025-05-19 22:30:52', '2025-05-19 22:30:52'),
(29, 'Chanel', 'Brekke', 'dcremin@mayert.org', 'y5UGD8CzVd', '+14587165099', '2025-05-19 22:30:52', '2025-05-19 22:30:52'),
(30, 'Annie', 'Heidenreich', 'jakob12@kiehn.com', 'qjXQRT8762', '1-402-382-6340', '2025-05-19 22:30:52', '2025-05-19 22:30:52'),
(31, 'Kayla', 'Kohler', 'jude.labadie@lindgren.com', 'UtOv8m6M3E', '+14694670968', '2025-05-19 22:30:52', '2025-05-19 22:30:52'),
(32, 'Gustave', 'Jacobson', 'nmuller@yahoo.com', '75Dl6DyM4s', '+1.423.700.1967', '2025-05-19 22:30:52', '2025-05-19 22:30:52'),
(33, 'Kaylee', 'Jones', 'reynold.kuhic@yahoo.com', 'vyG1j9aO1X', '+1-816-727-7469', '2025-05-19 22:30:52', '2025-05-19 22:30:52'),
(34, 'Armando', 'Boehm', 'hrippin@gmail.com', 'BddhgLgIuF', '(650) 518-6120', '2025-05-19 22:30:52', '2025-05-19 22:30:52'),
(35, 'Jeanne', 'DuBuque', 'schaefer.marjorie@terry.com', 'YOA3jksjzT', '+18207338566', '2025-05-19 22:30:52', '2025-05-19 22:30:52'),
(36, 'Abdiel', 'Thompson', 'schuppe.marta@nicolas.com', 'dtwoul4yxc', '618-309-1974', '2025-05-19 22:30:52', '2025-05-19 22:30:52'),
(37, 'Ericka', 'Zieme', 'landerson@hotmail.com', 'T9qioGlN93', '351-944-0713', '2025-05-19 22:30:52', '2025-05-19 22:30:52'),
(38, 'Ottilie', 'Kovacek', 'oprohaska@oberbrunner.org', 'pZ5sWctKDE', '1-856-753-0000', '2025-05-19 22:30:52', '2025-05-19 22:30:52'),
(39, 'Julianne', 'Bruen', 'macejkovic.nestor@braun.com', 'BybxhG5B9u', '+1-325-436-0959', '2025-05-19 22:30:52', '2025-05-19 22:30:52'),
(40, 'Josue', 'Hammes', 'baumbach.webster@friesen.com', 'RU741h431U', '1-440-374-6466', '2025-05-19 22:30:52', '2025-05-19 22:30:52'),
(41, 'Rosanna', 'Kiehn', 'franecki.weston@yahoo.com', 'Q3nJR09y9k', '1-870-938-7173', '2025-05-19 22:30:52', '2025-05-19 22:30:52'),
(42, 'Ruby', 'Green', 'jortiz@gmail.com', 'EMnpLhzXBp', '501.532.7634', '2025-05-19 22:30:52', '2025-05-19 22:30:52'),
(43, 'Aniyah', 'Considine', 'devonte08@jacobi.com', '8oIdrqA7Mo', '629-570-3716', '2025-05-19 22:30:52', '2025-05-19 22:30:52'),
(44, 'Frederick', 'Bergstrom', 'parisian.anita@hotmail.com', 'Q2ZTFNSpNz', '+1-347-905-0783', '2025-05-19 22:30:52', '2025-05-19 22:30:52'),
(45, 'Loma', 'Davis', 'brown.odessa@dooley.biz', '8pF8RnFhUJ', '272-720-8468', '2025-05-19 22:30:52', '2025-05-19 22:30:52'),
(46, 'Helen', 'Upton', 'trantow.jedidiah@yahoo.com', 'BNQfrwmH3O', '+1-938-461-2234', '2025-05-19 22:30:52', '2025-05-19 22:30:52'),
(47, 'Afton', 'Mayert', 'hirthe.ernestina@yahoo.com', 'bipCD0EFiX', '(732) 926-4513', '2025-05-19 22:30:52', '2025-05-19 22:30:52'),
(48, 'Diana', 'Mueller', 'polly76@collins.com', 'Fq1nuiRbPJ', '971-412-7932', '2025-05-19 22:30:52', '2025-05-19 22:30:52'),
(49, 'Wilhelmine', 'Kunde', 'mekhi38@hotmail.com', 'VX8UM1oRev', '479.892.0661', '2025-05-19 22:30:52', '2025-05-19 22:30:52'),
(50, 'Fay', 'Walker', 'kunze.katelynn@hotmail.com', 's7rKTWAGvT', '+1-971-283-8101', '2025-05-19 22:30:52', '2025-05-19 22:30:52'),
(51, 'Sonya', 'Corkery', 'wkoch@yahoo.com', '99RD8tn7HS', '+1-636-393-8789', '2025-05-19 22:30:52', '2025-05-19 22:30:52'),
(52, 'Janet', 'Jerde', 'qhammes@yahoo.com', 'EC9OuXfmWb', '1-283-935-1521', '2025-05-19 22:30:52', '2025-05-19 22:30:52'),
(53, 'Lourdes', 'Adams', 'garnett27@hotmail.com', 'I3erPfHq9q', '1-315-802-1352', '2025-05-19 22:30:52', '2025-05-19 22:30:52'),
(54, 'Annie', 'Bosco', 'nichole89@hotmail.com', 'TmrARfewa4', '1-718-724-9854', '2025-05-19 22:30:52', '2025-05-19 22:30:52'),
(55, 'Delfina', 'Abshire', 'aron.ortiz@yahoo.com', 'azlDc6JYoI', '775.474.3373', '2025-05-19 22:30:52', '2025-05-19 22:30:52'),
(56, 'Jazmyn', 'Miller', 'boyer.keegan@yahoo.com', 'xwdLd0LIET', '(331) 234-1319', '2025-05-19 22:30:52', '2025-05-19 22:30:52'),
(57, 'Lenora', 'Wolff', 'mccullough.harold@gmail.com', 'x0kNtQVX1P', '(830) 209-6323', '2025-05-19 22:30:52', '2025-05-19 22:30:52'),
(58, 'Johathan', 'Gutmann', 'milford95@hotmail.com', '00dIX9hNJc', '+1 (360) 295-3430', '2025-05-19 22:30:52', '2025-05-19 22:30:52'),
(59, 'Lazaro', 'Terry', 'wisoky.zetta@kuhlman.com', 'bkjvRTy1sE', '1-308-555-6234', '2025-05-19 22:30:52', '2025-05-19 22:30:52'),
(60, 'Louvenia', 'Strosin', 'kjohnston@yahoo.com', 'LvT6DmPuAx', '1-225-717-6969', '2025-05-19 22:30:52', '2025-05-19 22:30:52');

-- --------------------------------------------------------

--
-- Table structure for table `transactions`
--

CREATE TABLE `transactions` (
  `id` bigint UNSIGNED NOT NULL,
  `transactionable_type` varchar(255) COLLATE utf8mb4_unicode_ci NOT NULL,
  `transactionable_id` bigint UNSIGNED NOT NULL,
  `operation` varchar(255) COLLATE utf8mb4_unicode_ci NOT NULL,
  `created_at` timestamp NULL DEFAULT NULL,
  `updated_at` timestamp NULL DEFAULT NULL
) ENGINE=InnoDB DEFAULT CHARSET=utf8mb4 COLLATE=utf8mb4_unicode_ci;

--
-- Dumping data for table `transactions`
--

INSERT INTO `transactions` (`id`, `transactionable_type`, `transactionable_id`, `operation`, `created_at`, `updated_at`) VALUES
(1, 'App\\Models\\Customer', 42, 'sale', '2025-05-19 22:30:53', '2025-05-19 22:30:53'),
(2, 'App\\Models\\Customer', 45, 'purchase', '2025-05-19 22:30:53', '2025-05-19 22:30:53'),
(3, 'App\\Models\\Customer', 39, 'purchase', '2025-05-19 22:30:53', '2025-05-19 22:30:53'),
(4, 'App\\Models\\supplier', 12, 'purchase', '2025-05-19 22:30:53', '2025-05-19 22:30:53'),
(5, 'App\\Models\\Customer', 25, 'sale', '2025-05-19 22:30:53', '2025-05-19 22:30:53'),
(6, 'App\\Models\\Customer', 21, 'sale', '2025-05-19 22:30:53', '2025-05-19 22:30:53'),
(7, 'App\\Models\\supplier', 58, 'sale', '2025-05-19 22:30:53', '2025-05-19 22:30:53'),
(8, 'App\\Models\\Customer', 46, 'purchase', '2025-05-19 22:30:53', '2025-05-19 22:30:53'),
(9, 'App\\Models\\supplier', 32, 'sale', '2025-05-19 22:30:53', '2025-05-19 22:30:53'),
(10, 'App\\Models\\Customer', 27, 'purchase', '2025-05-19 22:30:53', '2025-05-19 22:30:53'),
(11, 'App\\Models\\supplier', 25, 'purchase', '2025-05-19 22:30:53', '2025-05-19 22:30:53'),
(12, 'App\\Models\\supplier', 32, 'sale', '2025-05-19 22:30:53', '2025-05-19 22:30:53'),
(13, 'App\\Models\\Customer', 28, 'purchase', '2025-05-19 22:30:53', '2025-05-19 22:30:53'),
(14, 'App\\Models\\supplier', 45, 'sale', '2025-05-19 22:30:53', '2025-05-19 22:30:53'),
(15, 'App\\Models\\supplier', 5, 'sale', '2025-05-19 22:30:53', '2025-05-19 22:30:53'),
(16, 'App\\Models\\Customer', 4, 'purchase', '2025-05-19 22:30:53', '2025-05-19 22:30:53'),
(17, 'App\\Models\\Customer', 24, 'purchase', '2025-05-19 22:30:53', '2025-05-19 22:30:53'),
(18, 'App\\Models\\supplier', 23, 'sale', '2025-05-19 22:30:53', '2025-05-19 22:30:53'),
(19, 'App\\Models\\Customer', 27, 'sale', '2025-05-19 22:30:53', '2025-05-19 22:30:53'),
(20, 'App\\Models\\supplier', 35, 'purchase', '2025-05-19 22:30:53', '2025-05-19 22:30:53'),
(21, 'App\\Models\\Customer', 24, 'sale', '2025-05-19 22:30:53', '2025-05-19 22:30:53'),
(22, 'App\\Models\\Customer', 30, 'purchase', '2025-05-19 22:30:53', '2025-05-19 22:30:53'),
(23, 'App\\Models\\supplier', 56, 'purchase', '2025-05-19 22:30:53', '2025-05-19 22:30:53'),
(24, 'App\\Models\\supplier', 19, 'sale', '2025-05-19 22:30:53', '2025-05-19 22:30:53'),
(25, 'App\\Models\\supplier', 16, 'purchase', '2025-05-19 22:30:53', '2025-05-19 22:30:53'),
(26, 'App\\Models\\Customer', 13, 'sale', '2025-05-19 22:30:53', '2025-05-19 22:30:53'),
(27, 'App\\Models\\supplier', 1, 'purchase', '2025-05-19 22:30:53', '2025-05-19 22:30:53'),
(28, 'App\\Models\\Customer', 12, 'purchase', '2025-05-19 22:30:53', '2025-05-19 22:30:53'),
(29, 'App\\Models\\Customer', 14, 'sale', '2025-05-19 22:30:53', '2025-05-19 22:30:53'),
(30, 'App\\Models\\Customer', 25, 'sale', '2025-05-19 22:30:53', '2025-05-19 22:30:53'),
(31, 'App\\Models\\supplier', 16, 'purchase', '2025-05-19 22:30:53', '2025-05-19 22:30:53'),
(32, 'App\\Models\\supplier', 60, 'sale', '2025-05-19 22:30:53', '2025-05-19 22:30:53'),
(33, 'App\\Models\\Customer', 46, 'purchase', '2025-05-19 22:30:53', '2025-05-19 22:30:53'),
(34, 'App\\Models\\supplier', 49, 'sale', '2025-05-19 22:30:53', '2025-05-19 22:30:53'),
(35, 'App\\Models\\Customer', 38, 'purchase', '2025-05-19 22:30:53', '2025-05-19 22:30:53'),
(36, 'App\\Models\\Customer', 26, 'sale', '2025-05-19 22:30:53', '2025-05-19 22:30:53'),
(37, 'App\\Models\\Customer', 24, 'purchase', '2025-05-19 22:30:53', '2025-05-19 22:30:53'),
(38, 'App\\Models\\supplier', 52, 'purchase', '2025-05-19 22:30:53', '2025-05-19 22:30:53'),
(39, 'App\\Models\\supplier', 28, 'purchase', '2025-05-19 22:30:53', '2025-05-19 22:30:53'),
(40, 'App\\Models\\supplier', 37, 'purchase', '2025-05-19 22:30:53', '2025-05-19 22:30:53'),
(41, 'App\\Models\\supplier', 59, 'sale', '2025-05-19 22:30:53', '2025-05-19 22:30:53'),
(42, 'App\\Models\\Customer', 42, 'sale', '2025-05-19 22:30:53', '2025-05-19 22:30:53'),
(43, 'App\\Models\\Customer', 38, 'purchase', '2025-05-19 22:30:53', '2025-05-19 22:30:53'),
(44, 'App\\Models\\supplier', 37, 'sale', '2025-05-19 22:30:53', '2025-05-19 22:30:53'),
(45, 'App\\Models\\supplier', 53, 'sale', '2025-05-19 22:30:53', '2025-05-19 22:30:53'),
(46, 'App\\Models\\supplier', 24, 'sale', '2025-05-19 22:30:53', '2025-05-19 22:30:53'),
(47, 'App\\Models\\Customer', 46, 'sale', '2025-05-19 22:30:53', '2025-05-19 22:30:53'),
(48, 'App\\Models\\Customer', 2, 'sale', '2025-05-19 22:30:53', '2025-05-19 22:30:53'),
(49, 'App\\Models\\Customer', 12, 'purchase', '2025-05-19 22:30:53', '2025-05-19 22:30:53'),
(50, 'App\\Models\\Customer', 22, 'sale', '2025-05-19 22:30:53', '2025-05-19 22:30:53');

-- --------------------------------------------------------

--
-- Table structure for table `users`
--

CREATE TABLE `users` (
  `id` bigint UNSIGNED NOT NULL,
  `name` varchar(255) COLLATE utf8mb4_unicode_ci NOT NULL,
  `email` varchar(255) COLLATE utf8mb4_unicode_ci NOT NULL,
  `email_verified_at` timestamp NULL DEFAULT NULL,
  `password` varchar(255) COLLATE utf8mb4_unicode_ci NOT NULL,
  `role` varchar(255) COLLATE utf8mb4_unicode_ci NOT NULL DEFAULT '',
  `is_active` tinyint(1) NOT NULL DEFAULT '1',
  `avatar` varchar(255) COLLATE utf8mb4_unicode_ci DEFAULT NULL,
  `remember_token` varchar(100) COLLATE utf8mb4_unicode_ci DEFAULT NULL,
  `created_at` timestamp NULL DEFAULT NULL,
  `updated_at` timestamp NULL DEFAULT NULL
) ENGINE=InnoDB DEFAULT CHARSET=utf8mb4 COLLATE=utf8mb4_unicode_ci;

--
-- Dumping data for table `users`
--

INSERT INTO `users` (`id`, `name`, `email`, `email_verified_at`, `password`, `role`, `is_active`, `avatar`, `remember_token`, `created_at`, `updated_at`) VALUES
(1, 'Mrs. Aleen Kilback DVM', 'xgorczany@example.org', '2025-05-19 22:30:51', '$2y$12$xpBG7WT3GnMUaMwxrtZJlODdEMpudUzyL.n8cMaLfVZiI0O2D7z1K', 'teacher', 1, 'kBXsyEOJLjp1JgD1r5Wk7zMnJXRWsL1747741601.png', 'iTVYOV5eaH', '2025-05-19 22:30:51', '2025-05-20 11:46:41'),
(2, 'Miss Opal Rice', 'gaston33@example.net', '2025-05-19 22:30:51', '$2y$12$xpBG7WT3GnMUaMwxrtZJlODdEMpudUzyL.n8cMaLfVZiI0O2D7z1K', 'student', 1, NULL, 'lhxSWvwO0L', '2025-05-19 22:30:51', '2025-05-19 22:30:51'),
(3, 'Franz Windler III', 'hickle.keenan@example.com', '2025-05-19 22:30:51', '$2y$12$xpBG7WT3GnMUaMwxrtZJlODdEMpudUzyL.n8cMaLfVZiI0O2D7z1K', 'teacher', 1, NULL, '2K8ImK1zO7', '2025-05-19 22:30:51', '2025-05-19 22:30:51'),
(4, 'Bo Blanda', 'mcglynn.hyman@example.com', '2025-05-19 22:30:51', '$2y$12$xpBG7WT3GnMUaMwxrtZJlODdEMpudUzyL.n8cMaLfVZiI0O2D7z1K', 'teacher', 1, NULL, '4BVOuRcAGg', '2025-05-19 22:30:51', '2025-05-19 22:30:51'),
(5, 'Mack Pouros', 'lynch.petra@example.com', '2025-05-19 22:30:51', '$2y$12$xpBG7WT3GnMUaMwxrtZJlODdEMpudUzyL.n8cMaLfVZiI0O2D7z1K', 'teacher', 1, NULL, 'rWyFPCinK8', '2025-05-19 22:30:51', '2025-05-19 22:30:51'),
(6, 'Amparo Volkman II', 'alexis.block@example.org', '2025-05-19 22:30:51', '$2y$12$xpBG7WT3GnMUaMwxrtZJlODdEMpudUzyL.n8cMaLfVZiI0O2D7z1K', 'student', 1, NULL, 'zePzeB5pyv', '2025-05-19 22:30:51', '2025-05-19 22:30:51'),
(7, 'Enid Crist', 'pebert@example.net', '2025-05-19 22:30:51', '$2y$12$xpBG7WT3GnMUaMwxrtZJlODdEMpudUzyL.n8cMaLfVZiI0O2D7z1K', 'teacher', 1, NULL, 'Hc9v2ArUJD', '2025-05-19 22:30:51', '2025-05-19 22:30:51'),
(8, 'Dr. Mohammed Friesen', 'tracey36@example.net', '2025-05-19 22:30:51', '$2y$12$xpBG7WT3GnMUaMwxrtZJlODdEMpudUzyL.n8cMaLfVZiI0O2D7z1K', 'teacher', 1, NULL, '22od05DFNG', '2025-05-19 22:30:51', '2025-05-19 22:30:51'),
(9, 'Jaylan Waelchi I', 'walter.kaela@example.org', '2025-05-19 22:30:51', '$2y$12$xpBG7WT3GnMUaMwxrtZJlODdEMpudUzyL.n8cMaLfVZiI0O2D7z1K', 'student', 1, NULL, 'GGIvMx6SJ0', '2025-05-19 22:30:51', '2025-05-19 22:30:51'),
(10, 'Parker Schmidt', 'mayer.rossie@example.net', '2025-05-19 22:30:51', '$2y$12$xpBG7WT3GnMUaMwxrtZJlODdEMpudUzyL.n8cMaLfVZiI0O2D7z1K', 'teacher', 1, NULL, '0sbaeMc8iF', '2025-05-19 22:30:51', '2025-05-19 22:30:51'),
(11, 'Bilal Lahbach', 'lhbachbilal@gmail.com', NULL, '$2y$12$T/p2FjVh5Qms8awAAVgtWuprwRLluOSYxHYxzinWyJTBmq2Jz.nSO', 'guest', 1, NULL, NULL, '2025-05-20 08:30:49', '2025-05-20 08:30:49');

--
-- Indexes for dumped tables
--

--
-- Indexes for table `cache`
--
ALTER TABLE `cache`
  ADD PRIMARY KEY (`key`);

--
-- Indexes for table `cache_locks`
--
ALTER TABLE `cache_locks`
  ADD PRIMARY KEY (`key`);

--
-- Indexes for table `categories`
--
ALTER TABLE `categories`
  ADD PRIMARY KEY (`id`);

--
-- Indexes for table `customers`
--
ALTER TABLE `customers`
  ADD PRIMARY KEY (`id`),
  ADD UNIQUE KEY `customers_email_unique` (`email`);

--
-- Indexes for table `failed_jobs`
--
ALTER TABLE `failed_jobs`
  ADD PRIMARY KEY (`id`),
  ADD UNIQUE KEY `failed_jobs_uuid_unique` (`uuid`);

--
-- Indexes for table `jobs`
--
ALTER TABLE `jobs`
  ADD PRIMARY KEY (`id`),
  ADD KEY `jobs_queue_index` (`queue`);

--
-- Indexes for table `job_batches`
--
ALTER TABLE `job_batches`
  ADD PRIMARY KEY (`id`);

--
-- Indexes for table `migrations`
--
ALTER TABLE `migrations`
  ADD PRIMARY KEY (`id`);

--
-- Indexes for table `orders`
--
ALTER TABLE `orders`
  ADD PRIMARY KEY (`id`),
  ADD KEY `orders_customer_id_foreign` (`customer_id`);

--
-- Indexes for table `order_product`
--
ALTER TABLE `order_product`
  ADD PRIMARY KEY (`id`),
  ADD KEY `order_product_order_id_foreign` (`order_id`),
  ADD KEY `order_product_product_id_foreign` (`product_id`);

--
-- Indexes for table `password_reset_tokens`
--
ALTER TABLE `password_reset_tokens`
  ADD PRIMARY KEY (`email`);

--
-- Indexes for table `products`
--
ALTER TABLE `products`
  ADD PRIMARY KEY (`id`),
  ADD KEY `products_category_id_foreign` (`category_id`),
  ADD KEY `products_supplier_id_foreign` (`supplier_id`);

--
-- Indexes for table `sessions`
--
ALTER TABLE `sessions`
  ADD PRIMARY KEY (`id`),
  ADD KEY `sessions_user_id_index` (`user_id`),
  ADD KEY `sessions_last_activity_index` (`last_activity`);

--
-- Indexes for table `stocks`
--
ALTER TABLE `stocks`
  ADD PRIMARY KEY (`id`),
  ADD KEY `stocks_product_id_foreign` (`product_id`),
  ADD KEY `stocks_store_id_foreign` (`store_id`);

--
-- Indexes for table `stores`
--
ALTER TABLE `stores`
  ADD PRIMARY KEY (`id`);

--
-- Indexes for table `suppliers`
--
ALTER TABLE `suppliers`
  ADD PRIMARY KEY (`id`),
  ADD UNIQUE KEY `suppliers_email_unique` (`email`);

--
-- Indexes for table `transactions`
--
ALTER TABLE `transactions`
  ADD PRIMARY KEY (`id`),
  ADD KEY `transactions_transactionable_type_transactionable_id_index` (`transactionable_type`,`transactionable_id`);

--
-- Indexes for table `users`
--
ALTER TABLE `users`
  ADD PRIMARY KEY (`id`),
  ADD UNIQUE KEY `users_email_unique` (`email`);

--
-- AUTO_INCREMENT for dumped tables
--

--
-- AUTO_INCREMENT for table `categories`
--
ALTER TABLE `categories`
  MODIFY `id` bigint UNSIGNED NOT NULL AUTO_INCREMENT, AUTO_INCREMENT=56;

--
-- AUTO_INCREMENT for table `customers`
--
ALTER TABLE `customers`
  MODIFY `id` bigint UNSIGNED NOT NULL AUTO_INCREMENT, AUTO_INCREMENT=51;

--
-- AUTO_INCREMENT for table `failed_jobs`
--
ALTER TABLE `failed_jobs`
  MODIFY `id` bigint UNSIGNED NOT NULL AUTO_INCREMENT;

--
-- AUTO_INCREMENT for table `jobs`
--
ALTER TABLE `jobs`
  MODIFY `id` bigint UNSIGNED NOT NULL AUTO_INCREMENT;

--
-- AUTO_INCREMENT for table `migrations`
--
ALTER TABLE `migrations`
  MODIFY `id` int UNSIGNED NOT NULL AUTO_INCREMENT, AUTO_INCREMENT=13;

--
-- AUTO_INCREMENT for table `orders`
--
ALTER TABLE `orders`
  MODIFY `id` bigint UNSIGNED NOT NULL AUTO_INCREMENT, AUTO_INCREMENT=31;

--
-- AUTO_INCREMENT for table `order_product`
--
ALTER TABLE `order_product`
  MODIFY `id` bigint UNSIGNED NOT NULL AUTO_INCREMENT, AUTO_INCREMENT=95;

--
-- AUTO_INCREMENT for table `products`
--
ALTER TABLE `products`
  MODIFY `id` bigint UNSIGNED NOT NULL AUTO_INCREMENT, AUTO_INCREMENT=51;

--
-- AUTO_INCREMENT for table `stocks`
--
ALTER TABLE `stocks`
  MODIFY `id` bigint UNSIGNED NOT NULL AUTO_INCREMENT, AUTO_INCREMENT=51;

--
-- AUTO_INCREMENT for table `stores`
--
ALTER TABLE `stores`
  MODIFY `id` bigint UNSIGNED NOT NULL AUTO_INCREMENT, AUTO_INCREMENT=54;

--
-- AUTO_INCREMENT for table `suppliers`
--
ALTER TABLE `suppliers`
  MODIFY `id` bigint UNSIGNED NOT NULL AUTO_INCREMENT, AUTO_INCREMENT=61;

--
-- AUTO_INCREMENT for table `transactions`
--
ALTER TABLE `transactions`
  MODIFY `id` bigint UNSIGNED NOT NULL AUTO_INCREMENT, AUTO_INCREMENT=51;

--
-- AUTO_INCREMENT for table `users`
--
ALTER TABLE `users`
  MODIFY `id` bigint UNSIGNED NOT NULL AUTO_INCREMENT, AUTO_INCREMENT=12;

--
-- Constraints for dumped tables
--

--
-- Constraints for table `orders`
--
ALTER TABLE `orders`
  ADD CONSTRAINT `orders_customer_id_foreign` FOREIGN KEY (`customer_id`) REFERENCES `customers` (`id`) ON DELETE CASCADE;

--
-- Constraints for table `order_product`
--
ALTER TABLE `order_product`
  ADD CONSTRAINT `order_product_order_id_foreign` FOREIGN KEY (`order_id`) REFERENCES `orders` (`id`) ON DELETE CASCADE,
  ADD CONSTRAINT `order_product_product_id_foreign` FOREIGN KEY (`product_id`) REFERENCES `products` (`id`) ON DELETE CASCADE;

--
-- Constraints for table `products`
--
ALTER TABLE `products`
  ADD CONSTRAINT `products_category_id_foreign` FOREIGN KEY (`category_id`) REFERENCES `categories` (`id`) ON DELETE CASCADE,
  ADD CONSTRAINT `products_supplier_id_foreign` FOREIGN KEY (`supplier_id`) REFERENCES `suppliers` (`id`) ON DELETE CASCADE;

--
-- Constraints for table `stocks`
--
ALTER TABLE `stocks`
  ADD CONSTRAINT `stocks_product_id_foreign` FOREIGN KEY (`product_id`) REFERENCES `products` (`id`) ON DELETE CASCADE,
  ADD CONSTRAINT `stocks_store_id_foreign` FOREIGN KEY (`store_id`) REFERENCES `stores` (`id`) ON DELETE CASCADE;
COMMIT;

/*!40101 SET CHARACTER_SET_CLIENT=@OLD_CHARACTER_SET_CLIENT */;
/*!40101 SET CHARACTER_SET_RESULTS=@OLD_CHARACTER_SET_RESULTS */;
/*!40101 SET COLLATION_CONNECTION=@OLD_COLLATION_CONNECTION */;
